{
    "test_recall": 0.36399692322484495,
    "test_ndcg": 0.20305286042653795,
    "test_map": 0.15428161649737537,
    "test_precision": 0.036399692322484495,
    "test_f1": 0.06618125876815363
}