{
    "epoch": [
        1,
        2,
        3,
        4,
        5,
        6,
        7,
        8,
        9,
        10,
        11,
        12,
        13,
        14,
        15,
        16,
        17,
        18,
        19,
        20,
        21,
        22,
        23,
        24,
        25,
        26,
        27,
        28,
        29,
        30
    ],
    "loss": [
        746.325926065445,
        732.3229869604111,
        683.6544674634933,
        636.0694332122803,
        603.4624401330948,
        577.8993796110153,
        559.180006146431,
        541.7156134843826,
        524.4978369474411,
        507.82020699977875,
        488.7704590559006,
        470.24827206134796,
        451.1174683570862,
        430.93226408958435,
        412.73023676872253,
        392.85168647766113,
        375.34145081043243,
        358.58200562000275,
        341.2850425839424,
        327.3934810757637,
        312.3142263889313,
        299.6998081803322,
        288.4283165335655,
        275.72500598430634,
        266.95706927776337,
        256.5958153605461,
        247.84853011369705,
        240.93917375802994,
        231.135891020298,
        225.72895020246506
    ],
    "val_recall": [
        0.13732057416267943,
        0.3036842105263158,
        0.34629186602870815,
        0.358133971291866,
        0.3622248803827751,
        0.35892344497607653,
        0.36188995215311004,
        0.35949760765550237,
        0.3580143540669856,
        0.35526315789473684,
        0.3526315789473684,
        0.35160287081339714,
        0.3533492822966507,
        0.35291866028708135,
        0.3521291866028708,
        0.3547129186602871,
        0.3561244019138756,
        0.35739234449760765,
        0.3604784688995215,
        0.3614114832535885,
        0.363444976076555,
        0.3652153110047847,
        0.3691866028708134,
        0.3700717703349282,
        0.3700478468899521,
        0.3726555023923445,
        0.37320574162679426,
        0.3745693779904306,
        0.37688995215311005,
        0.37844497607655503
    ],
    "val_ndcg": [
        0.07102829198143434,
        0.18257043467003214,
        0.21001980443123755,
        0.21723848356772665,
        0.2180118949452203,
        0.21528509266252469,
        0.21455426327208169,
        0.21070572392537243,
        0.20702750854932828,
        0.2034929715693578,
        0.20061604720400467,
        0.19903573499003213,
        0.19996394608360937,
        0.19904412666528515,
        0.19848330390019814,
        0.19919693492634452,
        0.19996601941648515,
        0.20059894413911822,
        0.20163305099600543,
        0.20226312873591204,
        0.20329605034561835,
        0.20479689142508317,
        0.20681828915879918,
        0.20779947738004903,
        0.2076853912603791,
        0.2091076713621086,
        0.2095344032767428,
        0.21020035171104492,
        0.21093398550868156,
        0.21174149176274962
    ],
    "val_precision": [
        0.013732057416267943,
        0.030368421052631583,
        0.034629186602870815,
        0.0358133971291866,
        0.03622248803827751,
        0.03589234449760766,
        0.036188995215311,
        0.035949760765550245,
        0.03580143540669856,
        0.035526315789473684,
        0.035263157894736843,
        0.03516028708133971,
        0.03533492822966507,
        0.03529186602870813,
        0.035212918660287085,
        0.03547129186602871,
        0.03561244019138756,
        0.035739234449760765,
        0.036047846889952155,
        0.036141148325358856,
        0.036344497607655506,
        0.03652153110047847,
        0.036918660287081344,
        0.03700717703349282,
        0.03700478468899522,
        0.03726555023923445,
        0.037320574162679435,
        0.03745693779904306,
        0.03768899521531101,
        0.03784449760765551
    ],
    "val_f1": [
        0.024967377120487164,
        0.055215311004784697,
        0.06296215745976512,
        0.06511526750761201,
        0.06585906916050457,
        0.06525880817746847,
        0.06579817311874729,
        0.06536320139190953,
        0.06509351892127012,
        0.0645933014354067,
        0.06411483253588517,
        0.06392779469334493,
        0.0642453240539365,
        0.06416702914310571,
        0.06402348847324923,
        0.06449325793823402,
        0.0647498912570683,
        0.06498042627229231,
        0.065541539799913,
        0.06571117877337973,
        0.06608090474119181,
        0.06640278381905176,
        0.06712483688560245,
        0.06728577642453241,
        0.06728142670726404,
        0.06775554588951718,
        0.06785558938668987,
        0.0681035232709874,
        0.06852544584602001,
        0.06880817746846456
    ],
    "val_map": [
        0.05115712576896788,
        0.14548274094326724,
        0.16818006189716714,
        0.1740692071086808,
        0.17388145553277132,
        0.17134086162375636,
        0.1695750835421888,
        0.1653525100630364,
        0.1610843111566796,
        0.15736583883952304,
        0.1544125465178097,
        0.1526982892838156,
        0.15343663135110505,
        0.15231204906204907,
        0.1517946001367054,
        0.15197653223969013,
        0.15259944368497,
        0.15298890217969166,
        0.15341423634844686,
        0.15397258297258296,
        0.15468178970152657,
        0.15609844687476265,
        0.15757694425457583,
        0.15859028252449306,
        0.15843771360218728,
        0.15952279372674108,
        0.15991001177185388,
        0.16033623832308044,
        0.16061288638262322,
        0.16119001101237942
    ]
}