{
    "test_recall": 0.34486322772943606,
    "test_precision": 0.03448632277294361,
    "test_f1": 0.06270240504171566,
    "test_ndcg": 0.20034580058957271,
    "test_map": 0.15589073289364141
}