{
    "epoch": [
        1,
        2,
        3,
        4,
        5,
        6,
        7,
        8,
        9,
        10,
        11,
        12,
        13,
        14,
        15,
        16,
        17,
        18,
        19,
        20,
        21,
        22,
        23,
        24,
        25,
        26,
        27,
        28,
        29,
        30
    ],
    "loss": [
        494.6902838945389,
        483.5249032974243,
        458.07372200489044,
        423.7144751548767,
        392.72568345069885,
        368.4804388284683,
        348.94352585077286,
        331.6130786538124,
        315.6914687156677,
        300.6019369959831,
        287.1630915403366,
        275.2876900434494,
        265.60568422079086,
        257.66392546892166,
        250.66661673784256,
        244.13218879699707,
        238.5181002020836,
        233.8446791768074,
        229.95266020298004,
        226.3021895289421,
        222.82593977451324,
        219.50652074813843,
        216.93067228794098,
        213.84275597333908,
        211.6417465209961,
        209.49081647396088,
        207.5524846315384,
        205.56212943792343,
        203.93698033690453,
        202.42842635512352
    ],
    "val_recall": [
        0.34466507177033495,
        0.319066985645933,
        0.300311004784689,
        0.2747846889952153,
        0.24320574162679426,
        0.22492822966507178,
        0.21576555023923444,
        0.19095693779904307,
        0.17729665071770334,
        0.1643062200956938,
        0.15368421052631578,
        0.1461004784688995,
        0.1417464114832536,
        0.14100478468899522,
        0.12055023923444975,
        0.1279425837320574,
        0.11861244019138756,
        0.11028708133971292,
        0.11279904306220095,
        0.11373205741626795,
        0.10590909090909091,
        0.105,
        0.10720095693779905,
        0.09904306220095693,
        0.10294258373205742,
        0.1054066985645933,
        0.10473684210526316,
        0.10832535885167464,
        0.10485645933014354,
        0.10794258373205741
    ],
    "val_precision": [
        0.0344665071770335,
        0.0319066985645933,
        0.030031100478468905,
        0.02747846889952153,
        0.024320574162679423,
        0.022492822966507175,
        0.021576555023923447,
        0.019095693779904308,
        0.017729665071770335,
        0.016430622009569375,
        0.015368421052631578,
        0.014610047846889953,
        0.014174641148325359,
        0.014100478468899523,
        0.012055023923444977,
        0.012794258373205743,
        0.011861244019138757,
        0.011028708133971292,
        0.011279904306220096,
        0.011373205741626794,
        0.01059090909090909,
        0.010499999999999999,
        0.010720095693779904,
        0.009904306220095693,
        0.010294258373205743,
        0.010540669856459331,
        0.010473684210526317,
        0.010832535885167464,
        0.010485645933014353,
        0.010794258373205743
    ],
    "val_f1": [
        0.06266637668551546,
        0.05801217920835146,
        0.054602000869943455,
        0.04996085254458461,
        0.04421922575032623,
        0.04089604175728578,
        0.03923010004349717,
        0.03471944323618964,
        0.03223575467594606,
        0.029873858199217052,
        0.027942583732057415,
        0.026563723357981735,
        0.025772074815137016,
        0.025637233579817308,
        0.021918225315354502,
        0.023262287951283166,
        0.02156589821661592,
        0.020052196607220532,
        0.020508916920400175,
        0.020678555893866895,
        0.01925619834710744,
        0.019090909090909092,
        0.019491083079599826,
        0.01800782949108308,
        0.018716833405828623,
        0.019164854284471507,
        0.019043062200956938,
        0.019695519791213572,
        0.01906481078729883,
        0.01962592431491953
    ],
    "val_map": [
        0.15766979949874688,
        0.13778462254120147,
        0.13463090491379964,
        0.12643943191311613,
        0.11588624022176654,
        0.10587352851826536,
        0.09710444672286778,
        0.08347505126452495,
        0.07321495974785448,
        0.06343034670008353,
        0.05936338004101162,
        0.055576944254575836,
        0.0537603668261563,
        0.05254497038049669,
        0.04232603288524341,
        0.044255183413078145,
        0.04116915394546974,
        0.03611099718994456,
        0.03775345560871877,
        0.03810889914179388,
        0.03384959557985874,
        0.033775404420141264,
        0.035783141566036306,
        0.030962073744968482,
        0.030955779600516445,
        0.03293518834966203,
        0.03324017429938483,
        0.034070137464874306,
        0.03222436773752563,
        0.03242009379509379
    ],
    "val_ndcg": [
        0.20163874609062588,
        0.18009128573786132,
        0.17347611841705618,
        0.16126754853571543,
        0.14582422702340175,
        0.1337947232182666,
        0.1248978531159376,
        0.10860259993682796,
        0.09739960952183563,
        0.08687346108922775,
        0.08126387739200443,
        0.07655258843135174,
        0.07419748244696811,
        0.07307509010794894,
        0.06037663051524082,
        0.06356363252784616,
        0.05903007466340358,
        0.05315045837483828,
        0.05494409723896443,
        0.05546842395536967,
        0.05032380930304728,
        0.05006456121952752,
        0.052135028235420336,
        0.04653921105725851,
        0.04735599820825777,
        0.049484913525048434,
        0.049591691779902566,
        0.051073342140173845,
        0.048820128908941586,
        0.04966462921830846
    ]
}