{
    "precision": 0.04774049324551704,
    "recall": 0.4774049324551704,
    "f1": 0.086800896810031,
    "ndcg": 0.2859973257851335,
    "map": 0.2273999819147889
}