{
    "gcn_loss": [
        639.1876109540462,
        433.56008093059063,
        356.1466719061136,
        310.50901463627815,
        277.4030607044697,
        252.95552329719067,
        232.2350645661354,
        214.91876201331615,
        200.88103464245796,
        187.81645146757364,
        177.67347506433725,
        166.29782083630562,
        157.55589652061462,
        149.34778333455324,
        142.07571467012167,
        134.38344144448638,
        128.27728938311338,
        122.72349318489432,
        117.81607575714588,
        112.40356667339802
    ],
    "gcn_val_recall": [
        0.1527511961722488,
        0.15023923444976076,
        0.1458133971291866,
        0.14320574162679425,
        0.14007177033492824,
        0.1372488038277512,
        0.13543062200956937,
        0.1336602870813397,
        0.13136363636363638,
        0.13004784688995216,
        0.1305980861244019,
        0.12964114832535886,
        0.12940191387559807,
        0.1285645933014354,
        0.1286842105263158,
        0.12811004784688995,
        0.1283732057416268,
        0.1285645933014354,
        0.12858851674641147,
        0.12832535885167465
    ],
    "meta_loss": [
        5.948375791311264,
        5.287275709211826,
        5.225085191428661,
        5.148554131388664,
        5.106413334608078,
        5.070741429924965,
        5.029800921678543,
        5.001171201467514,
        4.9769076108932495,
        4.961448788642883,
        4.953800849616528,
        4.899738006293774,
        4.886126808822155,
        4.894157409667969,
        4.868129052221775,
        4.842250183224678,
        4.832749672234058,
        4.808951243758202,
        4.80280315130949,
        4.7967673018574715,
        4.803913876414299,
        4.7773891389369965,
        4.751797042787075,
        4.751500740647316,
        4.731120347976685,
        4.715161524713039,
        4.7348043620586395,
        4.716077968478203,
        4.7135772332549095,
        4.697888076305389
    ],
    "meta_val_recall": [
        0.4197607655502392,
        0.45925837320574164,
        0.4747846889952153,
        0.48741626794258375,
        0.4830861244019139,
        0.45476076555023925,
        0.4848086124401914,
        0.4917703349282297,
        0.49473684210526314,
        0.5052870813397129,
        0.4706459330143541,
        0.4957894736842105,
        0.47035885167464114,
        0.49315789473684213,
        0.48586124401913877,
        0.4892822966507177,
        0.4947129186602871,
        0.4834688995215311,
        0.4797368421052632,
        0.4887799043062201,
        0.4905023923444976,
        0.4913397129186603,
        0.48619617224880385,
        0.48270334928229663,
        0.4812200956937799,
        0.48571770334928227,
        0.4908133971291866,
        0.4917224880382775,
        0.4808133971291866,
        0.48686602870813395
    ]
}